,case_id
0,Case 3608
1,Case 2748
2,Case 4284
3,Case 1534
4,Case 406
5,Case 4539
6,Case 2118
7,Case 3625
8,Case 1621
9,Case 390
10,Case 1941
11,Case 404
12,Case 791
13,Case 1485
14,Case 1000
15,Case 2915
16,Case 1768
17,Case 1006
18,Case 2742
19,Case 1223
20,Case 1703
21,Case 4505
22,Case 2441
23,Case 588
24,Case 1400
25,Case 1196
26,Case 1468
27,Case 189
28,Case 4378
29,Case 3806
30,Case 1030
31,Case 1798
32,Case 2088
33,Case 765
34,Case 2131
35,Case 1191
36,Case 81
37,Case 3918
38,Case 899
39,Case 1130
40,Case 3849
41,Case 360
42,Case 3238
43,Case 10
44,Case 864
45,Case 4290
46,Case 2817
47,Case 3168
48,Case 151
49,Case 1652
50,Case 166
51,Case 2933
52,Case 2635
53,Case 430
54,Case 1352
55,Case 2979
56,Case 3332
57,Case 2664
58,Case 1399
59,Case 3571
60,Case 2865
61,Case 2559
62,Case 2383
63,Case 3068
64,Case 1701
65,Case 4207
66,Case 4392
67,Case 707
68,Case 1328
69,Case 3185
70,Case 2502
71,Case 1257
72,Case 2006
73,Case 1907
74,Case 2369
75,Case 3482
76,Case 2004
77,Case 940
78,Case 599
79,Case 2387
80,Case 3876
81,Case 271
82,Case 846
83,Case 4108
84,Case 3130
85,Case 3389
86,Case 3004
87,Case 92
88,Case 3084
89,Case 2438
90,Case 2297
91,Case 2712
92,Case 2680
93,Case 3545
94,Case 3597
95,Case 4223
96,Case 953
97,Case 1245
98,Case 2321
99,Case 75
100,Case 1789
101,Case 3735
102,Case 127
103,Case 3724
104,Case 800
105,Case 4077
106,Case 709
107,Case 3187
108,Case 90
109,Case 2857
110,Case 4078
111,Case 2771
112,Case 2282
113,Case 3883
114,Case 3203
115,Case 2619
116,Case 2874
117,Case 1527
118,Case 4168
119,Case 2395
120,Case 2410
121,Case 2377
122,Case 4336
123,Case 1469
124,Case 1472
125,Case 609
126,Case 3746
127,Case 401
128,Case 2683
129,Case 259
130,Case 2815
131,Case 3149
132,Case 2072
133,Case 216
134,Case 616
135,Case 2804
136,Case 3041
137,Case 4577
138,Case 3457
139,Case 2570
140,Case 2292
141,Case 273
142,Case 1770
143,Case 2106
144,Case 351
145,Case 3261
146,Case 2001
147,Case 4507
148,Case 1277
149,Case 804
150,Case 4358
151,Case 2199
152,Case 276
153,Case 4496
154,Case 2033
155,Case 1394
156,Case 3866
157,Case 587
158,Case 3316
159,Case 4329
160,Case 4008
161,Case 3550
162,Case 2745
163,Case 4247
164,Case 4412
165,Case 808
166,Case 3150
167,Case 3756
168,Case 130
169,Case 651
170,Case 2266
171,Case 1097
172,Case 2976
173,Case 2993
174,Case 363
175,Case 1373
176,Case 921
177,Case 3459
178,Case 4564
179,Case 4310
180,Case 1985
181,Case 862
182,Case 327
183,Case 4143
184,Case 4177
185,Case 870
186,Case 1594
187,Case 663
188,Case 1981
189,Case 2005
190,Case 215
191,Case 3116
192,Case 3179
193,Case 2862
194,Case 1806
195,Case 2119
196,Case 139
197,Case 1904
198,Case 342
199,Case 987
200,Case 625
201,Case 710
202,Case 3967
203,Case 2020
204,Case 3151
205,Case 920
206,Case 2173
207,Case 2786
208,Case 694
209,Case 2624
210,Case 4105
211,Case 4327
212,Case 1589
213,Case 2959
214,Case 3703
215,Case 3001
216,Case 1561
217,Case 814
218,Case 3244
219,Case 935
220,Case 3460
221,Case 3852
222,Case 1714
223,Case 4288
224,Case 1713
225,Case 2453
226,Case 2325
227,Case 1367
228,Case 3863
229,Case 1385
230,Case 24
231,Case 1376
232,Case 2329
233,Case 612
234,Case 1959
235,Case 1121
236,Case 1253
237,Case 245
238,Case 2138
239,Case 560
240,Case 3978
241,Case 2249
242,Case 3886
243,Case 469
244,Case 2693
245,Case 3837
246,Case 1766
247,Case 4376
248,Case 4264
249,Case 3893
250,Case 2673
251,Case 376
252,Case 4243
253,Case 591
254,Case 301
255,Case 4375
256,Case 113
257,Case 9
258,Case 4098
259,Case 2206
260,Case 2301
261,Case 4497
262,Case 4296
263,Case 3196
264,Case 2845
265,Case 2114
266,Case 3603
267,Case 2418
268,Case 2320
269,Case 1044
270,Case 2828
271,Case 3590
272,Case 294
273,Case 1853
274,Case 2288
275,Case 2340
276,Case 3350
277,Case 4345
278,Case 2412
279,Case 3615
280,Case 2863
281,Case 1283
282,Case 1807
283,Case 2507
284,Case 1499
285,Case 1021
286,Case 1757
287,Case 1821
288,Case 4285
289,Case 3580
290,Case 183
291,Case 182
292,Case 2208
293,Case 1184
294,Case 3386
295,Case 2671
296,Case 4263
297,Case 1211
298,Case 278
299,Case 2423
300,Case 1151
301,Case 2638
302,Case 3780
303,Case 1585
304,Case 1012
305,Case 3566
306,Case 858
307,Case 2649
308,Case 3522
309,Case 3230
310,Case 3368
311,Case 3850
312,Case 2544
313,Case 2909
314,Case 2136
315,Case 2954
316,Case 1402
317,Case 1284
318,Case 1850
319,Case 2562
320,Case 918
321,Case 572
322,Case 702
323,Case 2272
324,Case 2812
325,Case 3541
326,Case 1333
327,Case 2411
328,Case 1851
329,Case 2467
330,Case 1973
331,Case 2829
332,Case 1322
333,Case 4387
334,Case 3256
335,Case 103
336,Case 1654
337,Case 275
338,Case 703
339,Case 2746
340,Case 2460
341,Case 1080
342,Case 1351
343,Case 4275
344,Case 1872
345,Case 2706
346,Case 2590
347,Case 203
348,Case 3911
349,Case 2816
350,Case 3132
351,Case 3607
352,Case 1774
353,Case 2983
354,Case 4066
355,Case 2057
356,Case 4150
357,Case 101
358,Case 2053
359,Case 3415
360,Case 838
361,Case 2389
362,Case 4524
363,Case 1809
364,Case 1173
365,Case 4477
366,Case 2835
367,Case 1099
368,Case 1446
369,Case 234
370,Case 4101
371,Case 2639
372,Case 3680
373,Case 1755
374,Case 4169
375,Case 4342
376,Case 111
377,Case 2338
378,Case 1783
379,Case 971
380,Case 3750
381,Case 2940
382,Case 2058
383,Case 1204
384,Case 547
385,Case 2175
386,Case 3554
387,Case 455
388,Case 3167
389,Case 3693
390,Case 321
391,Case 3553
392,Case 1282
393,Case 2892
394,Case 2370
395,Case 1180
396,Case 2457
397,Case 1528
398,Case 2349
399,Case 419
400,Case 3644
401,Case 2605
402,Case 1523
403,Case 3910
404,Case 19
405,Case 1518
406,Case 3354
407,Case 1720
408,Case 792
409,Case 2888
410,Case 2428
411,Case 734
412,Case 1881
413,Case 4440
414,Case 1923
415,Case 2732
416,Case 2299
417,Case 3527
418,Case 1183
419,Case 416
420,Case 388
421,Case 3421
422,Case 3977
423,Case 2205
424,Case 2439
425,Case 2501
426,Case 4079
427,Case 379
428,Case 793
429,Case 3636
430,Case 3596
431,Case 3809
432,Case 2153
433,Case 2309
434,Case 1930
435,Case 2298
436,Case 297
437,Case 4065
438,Case 632
439,Case 689
440,Case 3937
441,Case 3452
442,Case 924
443,Case 4374
444,Case 1576
445,Case 4339
446,Case 1670
447,Case 268
448,Case 4062
449,Case 2443
450,Case 238
451,Case 2051
452,Case 3840
453,Case 4579
454,Case 1572
455,Case 2578
456,Case 1782
457,Case 4075
458,Case 3163
459,Case 1340
460,Case 1684
461,Case 3784
462,Case 715
463,Case 727
464,Case 1247
465,Case 1438
466,Case 3177
467,Case 2636
468,Case 1218
469,Case 1617
470,Case 1266
471,Case 1491
472,Case 2475
473,Case 2339
474,Case 4482
475,Case 3441
476,Case 3292
477,Case 973
478,Case 2464
479,Case 2307
480,Case 1242
481,Case 735
482,Case 2067
483,Case 2871
484,Case 2486
485,Case 1859
486,Case 2560
487,Case 1794
488,Case 2957
489,Case 4384
490,Case 2819
491,Case 161
492,Case 798
493,Case 1557
494,Case 3248
495,Case 3266
496,Case 2790
497,Case 1676
498,Case 992
499,Case 1141
500,Case 4428
501,Case 3228
502,Case 1657
503,Case 2561
504,Case 919
505,Case 665
506,Case 125
507,Case 2405
508,Case 335
509,Case 3287
510,Case 1925
511,Case 4258
512,Case 1953
513,Case 2889
514,Case 985
515,Case 3586
516,Case 3523
517,Case 1002
518,Case 2271
519,Case 3079
520,Case 1928
521,Case 3917
522,Case 1494
523,Case 1593
524,Case 1077
525,Case 1879
526,Case 1728
527,Case 2922
528,Case 4307
529,Case 1280
530,Case 3981
531,Case 2564
532,Case 1849
533,Case 316
534,Case 610
535,Case 926
536,Case 1426
537,Case 3856
538,Case 540
539,Case 3080
540,Case 4561
541,Case 771
542,Case 1202
543,Case 3752
544,Case 2702
545,Case 2359
546,Case 2159
547,Case 830
548,Case 2810
549,Case 917
550,Case 289
551,Case 3117
552,Case 2858
553,Case 3815
554,Case 2446
555,Case 1694
556,Case 585
557,Case 4045
558,Case 1989
559,Case 3589
560,Case 2222
561,Case 759
562,Case 2086
563,Case 3490
564,Case 3993
565,Case 1549
566,Case 1353
567,Case 4250
568,Case 4033
569,Case 2336
570,Case 1532
571,Case 2169
572,Case 2042
573,Case 2500
574,Case 662
575,Case 3050
576,Case 833
577,Case 1165
578,Case 4514
579,Case 1597
580,Case 423
581,Case 420
582,Case 3031
583,Case 1018
584,Case 4024
585,Case 1155
586,Case 3990
587,Case 1695
588,Case 172
589,Case 925
590,Case 3858
591,Case 2717
592,Case 1258
593,Case 661
594,Case 1410
595,Case 4237
596,Case 2107
597,Case 2155
598,Case 1279
599,Case 358
600,Case 3690
601,Case 2650
602,Case 3734
603,Case 4088
604,Case 2999
605,Case 2181
606,Case 1759
607,Case 3012
608,Case 1749
609,Case 815
610,Case 4510
611,Case 1357
612,Case 306
613,Case 3716
614,Case 1542
615,Case 158
616,Case 4500
617,Case 3949
618,Case 3548
619,Case 195
620,Case 2953
621,Case 3369
622,Case 1425
623,Case 2995
624,Case 2445
625,Case 2254
626,Case 228
627,Case 3098
628,Case 396
629,Case 2647
630,Case 4138
631,Case 4402
632,Case 88
633,Case 4130
634,Case 1582
635,Case 4225
636,Case 965
637,Case 509
638,Case 2920
639,Case 1428
640,Case 977
641,Case 109
642,Case 890
643,Case 3411
644,Case 907
645,Case 690
646,Case 4072
647,Case 3771
648,Case 164
649,Case 2756
650,Case 2872
651,Case 1237
652,Case 2102
653,Case 4195
654,Case 2805
655,Case 1786
656,Case 4331
657,Case 1085
658,Case 1581
659,Case 4167
660,Case 2280
661,Case 1864
662,Case 2319
663,Case 3813
664,Case 1899
665,Case 4451
666,Case 2221
667,Case 889
668,Case 3887
669,Case 175
670,Case 1152
671,Case 2838
672,Case 3740
673,Case 3940
674,Case 2718
675,Case 146
676,Case 330
677,Case 1919
678,Case 2165
679,Case 3508
680,Case 781
681,Case 3788
682,Case 3722
683,Case 4321
684,Case 450
685,Case 4059
686,Case 4092
687,Case 428
688,Case 1150
689,Case 2011
690,Case 3510
691,Case 4019
692,Case 208
693,Case 4036
694,Case 1662
695,Case 1278
696,Case 291
697,Case 4442
698,Case 774
699,Case 2513
700,Case 2784
701,Case 53
702,Case 163
703,Case 3463
704,Case 4128
705,Case 4203
706,Case 713
707,Case 260
708,Case 3193
709,Case 3595
710,Case 4462
711,Case 2444
712,Case 948
713,Case 1232
714,Case 3365
715,Case 231
716,Case 640
717,Case 1618
718,Case 1733
719,Case 4217
720,Case 642
721,Case 1461
722,Case 2565
723,Case 2520
724,Case 3101
725,Case 1551
726,Case 2938
727,Case 1220
728,Case 2235
729,Case 1498
730,Case 2483
731,Case 1100
732,Case 1382
733,Case 393
734,Case 187
735,Case 1166
736,Case 3363
737,Case 2807
738,Case 3835
739,Case 3686
740,Case 1231
741,Case 1863
742,Case 3956
743,Case 3528
744,Case 852
745,Case 3209
746,Case 3306
747,Case 2806
748,Case 2283
749,Case 3340
750,Case 2045
751,Case 2728
752,Case 3310
753,Case 2925
754,Case 246
755,Case 1454
756,Case 4356
757,Case 4277
758,Case 2233
759,Case 57
760,Case 1779
761,Case 3
762,Case 3619
763,Case 3757
764,Case 1383
765,Case 1579
766,Case 185
767,Case 2101
768,Case 966
769,Case 1224
770,Case 4043
771,Case 3030
772,Case 1929
773,Case 1273
774,Case 1307
775,Case 3311
776,Case 2540
777,Case 873
778,Case 1567
779,Case 2547
780,Case 4047
781,Case 2730
782,Case 2408
783,Case 1947
784,Case 315
785,Case 1705
786,Case 3621
787,Case 1906
788,Case 895
789,Case 3975
790,Case 1440
791,Case 4486
792,Case 2548
793,Case 903
794,Case 786
795,Case 4366
796,Case 4157
797,Case 801
798,Case 913
799,Case 2778
800,Case 4050
801,Case 3114
802,Case 2633
803,Case 3234
804,Case 1706
805,Case 1347
806,Case 173
807,Case 2223
808,Case 2524
809,Case 410
810,Case 3759
811,Case 1123
812,Case 617
813,Case 2709
814,Case 2563
815,Case 1832
816,Case 3827
817,Case 2658
818,Case 1474
819,Case 1830
820,Case 3997
821,Case 3298
822,Case 2824
823,Case 779
824,Case 3213
825,Case 2310
826,Case 1996
827,Case 2028
828,Case 302
829,Case 4316
830,Case 3312
831,Case 254
832,Case 3232
833,Case 3701
834,Case 2980
835,Case 4303
836,Case 2186
837,Case 3359
838,Case 837
839,Case 2422
840,Case 244
841,Case 3616
842,Case 353
843,Case 2016
844,Case 1964
845,Case 2629
846,Case 322
847,Case 280
848,Case 2583
849,Case 1976
850,Case 2413
851,Case 4573
852,Case 1289
853,Case 3085
854,Case 1640
855,Case 411
856,Case 2243
857,Case 4470
858,Case 1515
859,Case 4520
860,Case 44
861,Case 4227
862,Case 298
863,Case 2965
864,Case 452
865,Case 48
866,Case 1625
867,Case 4099
868,Case 2901
869,Case 576
870,Case 2928
871,Case 3624
872,Case 258
873,Case 4306
874,Case 2662
875,Case 3326
876,Case 2543
877,Case 3305
878,Case 2529
879,Case 851
880,Case 3066
881,Case 2437
882,Case 4480
883,Case 3356
884,Case 1622
885,Case 3087
886,Case 205
887,Case 4425
888,Case 3965
889,Case 3479
890,Case 1613
891,Case 3684
892,Case 4393
893,Case 582
894,Case 84
895,Case 1595
896,Case 912
897,Case 871
898,Case 1048
899,Case 4488
900,Case 41
901,Case 1148
902,Case 2877
903,Case 590
904,Case 3330
905,Case 3991
906,Case 155
907,Case 1765
908,Case 4022
909,Case 385
910,Case 562
911,Case 1310
912,Case 3247
913,Case 4400
914,Case 4
915,Case 555
916,Case 4229
917,Case 110
918,Case 4312
919,Case 3302
920,Case 2274
921,Case 1360
922,Case 2289
923,Case 4473
924,Case 4095
925,Case 3514
926,Case 1891
927,Case 1422
928,Case 1035
929,Case 2392
930,Case 2725
931,Case 1554
932,Case 1636
933,Case 1633
934,Case 1308
935,Case 1297
936,Case 1005
937,Case 1298
938,Case 2733
939,Case 1758
940,Case 2798
941,Case 2743
942,Case 608
943,Case 3153
944,Case 4523
945,Case 1003
946,Case 996
947,Case 3874
948,Case 4141
949,Case 1421
950,Case 1051
951,Case 3706
952,Case 3170
953,Case 1641
954,Case 3217
955,Case 4499
956,Case 320
957,Case 1028
958,Case 1014
959,Case 1805
960,Case 359
961,Case 1889
962,Case 3200
963,Case 319
964,Case 3505
965,Case 2115
966,Case 365
967,Case 601
968,Case 3817
969,Case 3504
970,Case 3366
971,Case 25
972,Case 3973
973,Case 67
974,Case 3319
975,Case 3639
976,Case 611
977,Case 3841
978,Case 4283
979,Case 1538
980,Case 2503
981,Case 3183
982,Case 1424
983,Case 4146
984,Case 3296
985,Case 2314
986,Case 750
987,Case 915
988,Case 1381
989,Case 1213
990,Case 1403
991,Case 835
992,Case 3631
993,Case 2855
994,Case 4525
995,Case 422
996,Case 974
997,Case 4489
998,Case 355
999,Case 725
1000,Case 1194
1001,Case 2864
1002,Case 879
1003,Case 2331
1004,Case 2943
1005,Case 3345
1006,Case 2878
1007,Case 1276
1008,Case 4543
1009,Case 2726
1010,Case 1147
1011,Case 865
1012,Case 4016
1013,Case 2652
1014,Case 256
1015,Case 4548
1016,Case 1240
1017,Case 3493
1018,Case 141
1019,Case 1631
1020,Case 108
1021,Case 2435
1022,Case 933
1023,Case 2291
1024,Case 1414
1025,Case 672
1026,Case 2144
1027,Case 2184
1028,Case 1513
1029,Case 4182
1030,Case 803
1031,Case 861
1032,Case 1504
1033,Case 2527
1034,Case 21
1035,Case 3433
1036,Case 473
1037,Case 1300
1038,Case 2337
1039,Case 1391
1040,Case 3892
1041,Case 929
1042,Case 1954
1043,Case 2385
1044,Case 4439
1045,Case 3954
1046,Case 2196
1047,Case 1140
1048,Case 236
1049,Case 884
1050,Case 252
1051,Case 4038
1052,Case 4003
1053,Case 3147
1054,Case 30
1055,Case 2355
1056,Case 4540
1057,Case 2089
1058,Case 2937
1059,Case 2048
1060,Case 3052
1061,Case 1948
1062,Case 3506
1063,Case 1866
1064,Case 3173
1065,Case 72
1066,Case 3481
1067,Case 3197
1068,Case 214
1069,Case 3868
1070,Case 628
1071,Case 3308
1072,Case 3384
1073,Case 2145
1074,Case 133
1075,Case 1162
1076,Case 2856
1077,Case 104
1078,Case 3006
1079,Case 4140
1080,Case 499
1081,Case 1590
1082,Case 257
1083,Case 4014
1084,Case 1935
1085,Case 3611
1086,Case 3947
1087,Case 1170
1088,Case 1285
1089,Case 1734
1090,Case 4333
1091,Case 325
1092,Case 3695
1093,Case 2843
1094,Case 2354
1095,Case 2703
1096,Case 1584
1097,Case 3390
1098,Case 3697
1099,Case 2393
1100,Case 2704
1101,Case 1434
1102,Case 468
1103,Case 3385
1104,Case 2589
1105,Case 4574
1106,Case 1052
1107,Case 1583
1108,Case 3252
1109,Case 869
1110,Case 4113
1111,Case 2850
1112,Case 994
1113,Case 287
1114,Case 135
1115,Case 2424
1116,Case 1431
1117,Case 1533
1118,Case 1736
1119,Case 4441
1120,Case 1078
1121,Case 121
1122,Case 149
1123,Case 3758
1124,Case 1707
1125,Case 1348
1126,Case 4175
1127,Case 2414
1128,Case 37
1129,Case 2537
1130,Case 1721
1131,Case 1512
1132,Case 1265
1133,Case 1896
1134,Case 4094
1135,Case 4070
1136,Case 1404
1137,Case 1167
1138,Case 1740
1139,Case 4224
1140,Case 3768
1141,Case 4454
1142,Case 2373
1143,Case 928
1144,Case 2137
1145,Case 3901
1146,Case 122
1147,Case 4302
1148,Case 2802
1149,Case 4236
1150,Case 2488
1151,Case 1883
1152,Case 1942
1153,Case 4295
1154,Case 4199
1155,Case 1986
1156,Case 579
1157,Case 2207
1158,Case 1688
1159,Case 4382
1160,Case 2936
1161,Case 3453
1162,Case 3499
1163,Case 2311
1164,Case 3923
1165,Case 2670
1166,Case 832
1167,Case 1897
1168,Case 1227
1169,Case 2519
1170,Case 2425
1171,Case 3972
1172,Case 3250
1173,Case 3337
1174,Case 4346
1175,Case 1547
1176,Case 442
1177,Case 3810
1178,Case 3492
1179,Case 2751
1180,Case 4571
1181,Case 1834
1182,Case 2094
1183,Case 4405
1184,Case 842
1185,Case 1724
1186,Case 956
1187,Case 190
1188,Case 2384
1189,Case 4270
1190,Case 2038
1191,Case 843
1192,Case 2295
1193,Case 4179
1194,Case 1511
1195,Case 2767
1196,Case 250
1197,Case 3985
1198,Case 4200
1199,Case 2480
1200,Case 667
1201,Case 3088
1202,Case 4360
1203,Case 922
1204,Case 2744
1205,Case 3005
1206,Case 4406
1207,Case 1971
1208,Case 2468
1209,Case 1031
1210,Case 2991
1211,Case 3136
1212,Case 85
1213,Case 1767
1214,Case 4100
1215,Case 2054
1216,Case 160
1217,Case 3914
1218,Case 1395
1219,Case 3295
1220,Case 460
1221,Case 2149
1222,Case 4226
1223,Case 900
1224,Case 647
1225,Case 4190
1226,Case 1108
1227,Case 3873
1228,Case 3778
1229,Case 699
1230,Case 2505
1231,Case 4025
1232,Case 2459
1233,Case 1565
1234,Case 517
1235,Case 1411
1236,Case 2213
1237,Case 3682
1238,Case 2927
1239,Case 1524
1240,Case 1744
1241,Case 3063
1242,Case 2077
1243,Case 3717
1244,Case 4192
1245,Case 1291
1246,Case 500
1247,Case 3524
1248,Case 3219
1249,Case 1206
1250,Case 4434
1251,Case 4176
1252,Case 1189
1253,Case 1182
1254,Case 217
1255,Case 206
1256,Case 4163
1257,Case 4404
1258,Case 802
1259,Case 1727
1260,Case 118
1261,Case 646
1262,Case 1456
1263,Case 3131
1264,Case 1263
1265,Case 1302
1266,Case 3648
1267,Case 2361
1268,Case 3994
1269,Case 1846
1270,Case 1228
1271,Case 3966
1272,Case 4171
1273,Case 4391
1274,Case 3960
1275,Case 2951
1276,Case 449
1277,Case 264
1278,Case 3824
1279,Case 584
1280,Case 443
1281,Case 3836
1282,Case 1089
1283,Case 1614
1284,Case 4280
1285,Case 2887
1286,Case 3194
1287,Case 2679
1288,Case 3685
1289,Case 3833
1290,Case 658
1291,Case 1286
1292,Case 993
1293,Case 2275
1294,Case 1820
1295,Case 1214
1296,Case 426
1297,Case 3500
1298,Case 1861
1299,Case 904
1300,Case 3570
1301,Case 3100
1302,Case 3270
1303,Case 1025
1304,Case 3855
1305,Case 1969
1306,Case 597
1307,Case 3575
1308,Case 2263
1309,Case 476
1310,Case 636
1311,Case 3277
1312,Case 2312
1313,Case 3396
1314,Case 822
1315,Case 489
1316,Case 3055
1317,Case 3915
1318,Case 2660
1319,Case 2209
1320,Case 2269
1321,Case 3748
1322,Case 2707
1323,Case 218
1324,Case 518
1325,Case 4399
1326,Case 4318
1327,Case 789
1328,Case 4432
1329,Case 2701
1330,Case 494
1331,Case 513
1332,Case 2265
1333,Case 3451
1334,Case 1479
1335,Case 26
1336,Case 2587
1337,Case 3455
1338,Case 1997
1339,Case 1926
1340,Case 3304
1341,Case 3414
1342,Case 3919
1343,Case 2305
1344,Case 848
1345,Case 619
1346,Case 2926
1347,Case 270
1348,Case 1252
1349,Case 3379
1350,Case 3720
1351,Case 2682
1352,Case 2894
1353,Case 4274
1354,Case 3429
1355,Case 1146
1356,Case 605
1357,Case 2352
1358,Case 1178
1359,Case 2754
1360,Case 3838
1361,Case 1635
1362,Case 3655
1363,Case 692
1364,Case 1270
1365,Case 1668
1366,Case 3051
1367,Case 60
1368,Case 2332
1369,Case 2890
1370,Case 1514
1371,Case 4044
1372,Case 828
1373,Case 3152
1374,Case 3578
1375,Case 116
1376,Case 4380
1377,Case 226
1378,Case 1476
1379,Case 1452
1380,Case 1943
1381,Case 908
1382,Case 3278
1383,Case 1016
1384,Case 3402
1385,Case 4349
1386,Case 475
1387,Case 1612
1388,Case 1345
1389,Case 4109
1390,Case 1160
1391,Case 4021
1392,Case 314
1393,Case 1545
1394,Case 2379
1395,Case 2185
1396,Case 536
1397,Case 3274
1398,Case 2632
1399,Case 2284
1400,Case 4330
1401,Case 64
1402,Case 1804
1403,Case 1470
1404,Case 3823
1405,Case 2162
1406,Case 4273
1407,Case 2699
1408,Case 1209
1409,Case 2218
1410,Case 534
1411,Case 4252
1412,Case 3104
1413,Case 4502
1414,Case 2567
1415,Case 3227
1416,Case 580
1417,Case 2217
1418,Case 4521
1419,Case 2597
1420,Case 134
1421,Case 2941
1422,Case 249
1423,Case 3155
1424,Case 3065
1425,Case 3195
1426,Case 3812
1427,Case 944
1428,Case 942
1429,Case 1324
1430,Case 3744
1431,Case 3577
1432,Case 3534
1433,Case 1877
1434,Case 3872
1435,Case 2182
1436,Case 1306
1437,Case 1692
1438,Case 4529
1439,Case 1436
1440,Case 3959
1441,Case 3579
1442,Case 1667
1443,Case 818
1444,Case 1638
1445,Case 4453
1446,Case 3355
1447,Case 2710
1448,Case 2075
1449,Case 3681
1450,Case 32
1451,Case 1951
1452,Case 2715
1453,Case 4184
1454,Case 1940
1455,Case 1288
1456,Case 4414
1457,Case 812
1458,Case 2896
1459,Case 2610
1460,Case 1865
1461,Case 3370
1462,Case 3924
1463,Case 4490
1464,Case 2950
1465,Case 1243
1466,Case 2069
1467,Case 198
1468,Case 1648
1469,Case 577
1470,Case 1651
1471,Case 334
1472,Case 3906
1473,Case 4063
1474,Case 2895
1475,Case 1838
1476,Case 4174
1477,Case 1933
1478,Case 1616
1479,Case 3908
1480,Case 2900
1481,Case 2822
1482,Case 3526
1483,Case 3216
1484,Case 1264
1485,Case 3164
1486,Case 2189
1487,Case 4381
1488,Case 1361
1489,Case 1207
1490,Case 1845
1491,Case 267
1492,Case 730
1493,Case 123
1494,Case 3996
1495,Case 2376
1496,Case 2902
1497,Case 2122
1498,Case 4246
1499,Case 2557
1500,Case 4256
1501,Case 649
1502,Case 3138
1503,Case 386
1504,Case 1672
1505,Case 4569
1506,Case 571
1507,Case 3000
1508,Case 4164
1509,Case 2082
1510,Case 3054
1511,Case 2781
1512,Case 2471
1513,Case 675
1514,Case 99
1515,Case 2657
1516,Case 4281
1517,Case 1241
1518,Case 1050
1519,Case 2588
1520,Case 711
1521,Case 3509
1522,Case 991
1523,Case 2692
1524,Case 2019
1525,Case 946
1526,Case 3920
1527,Case 548
1528,Case 445
1529,Case 1390
1530,Case 936
1531,Case 2287
1532,Case 1841
1533,Case 227
1534,Case 2935
1535,Case 4401
1536,Case 4057
1537,Case 563
1538,Case 3286
1539,Case 2655
1540,Case 2015
1541,Case 1174
1542,Case 150
1543,Case 4435
1544,Case 1071
1545,Case 539
1546,Case 2924
1547,Case 3538
1548,Case 659
1549,Case 1937
1550,Case 3388
1551,Case 3036
1552,Case 1867
1553,Case 2065
1554,Case 1212
1555,Case 3749
1556,Case 1575
1557,Case 4503
1558,Case 3280
1559,Case 2646
1560,Case 2685
1561,Case 4261
1562,Case 2003
1563,Case 3333
1564,Case 3125
1565,Case 4020
1566,Case 3049
1567,Case 157
1568,Case 471
1569,Case 3124
1570,Case 91
1571,Case 4035
1572,Case 3445
1573,Case 854
1574,Case 2470
1575,Case 995
1576,Case 3392
1577,Case 1114
1578,Case 47
1579,Case 3598
1580,Case 1502
1581,Case 3881
1582,Case 4519
1583,Case 1455
1584,Case 740
1585,Case 1119
1586,Case 2944
1587,Case 3649
1588,Case 4253
1589,Case 2942
1590,Case 4209
1591,Case 729
1592,Case 4040
1593,Case 4504
1594,Case 820
1595,Case 2736
1596,Case 4186
1597,Case 2231
1598,Case 1413
1599,Case 2731
1600,Case 3489
1601,Case 1819
1602,Case 1693
1603,Case 1911
1604,Case 797
1605,Case 748
1606,Case 2495
1607,Case 3848
1608,Case 3982
1609,Case 2675
1610,Case 1624
1611,Case 70
1612,Case 2146
1613,Case 891
1614,Case 440
1615,Case 2867
1616,Case 4458
1617,Case 2341
1618,Case 2694
1619,Case 2884
1620,Case 1200
1621,Case 564
1622,Case 310
1623,Case 4483
1624,Case 3003
1625,Case 2018
1626,Case 1205
1627,Case 2651
1628,Case 1991
1629,Case 2923
1630,Case 2333
1631,Case 607
1632,Case 2190
1633,Case 678
1634,Case 3174
1635,Case 2442
1636,Case 2869
1637,Case 2364
1638,Case 3450
1639,Case 2281
1640,Case 3926
1641,Case 3843
1642,Case 2808
1643,Case 42
1644,Case 4516
1645,Case 3488
1646,Case 1763
1647,Case 1827
1648,Case 3826
1649,Case 1168
1650,Case 1312
1651,Case 3039
1652,Case 2147
1653,Case 4152
1654,Case 1541
1655,Case 3033
1656,Case 1061
1657,Case 1516
1658,Case 1496
1659,Case 1539
1660,Case 3533
1661,Case 207
1662,Case 1069
1663,Case 2161
1664,Case 1611
1665,Case 429
1666,Case 3988
1667,Case 3610
1668,Case 2110
1669,Case 2402
1670,Case 3941
1671,Case 368
1672,Case 3687
1673,Case 3235
1674,Case 1629
1675,Case 1158
1676,Case 3346
1677,Case 1932
1678,Case 3400
1679,Case 598
1680,Case 4219
1681,Case 2506
1682,Case 1492
1683,Case 1045
1684,Case 1934
1685,Case 3958
1686,Case 751
1687,Case 2861
1688,Case 4450
1689,Case 2645
1690,Case 2553
1691,Case 2853
1692,Case 671
1693,Case 1339
1694,Case 2360
1695,Case 4467
1696,Case 4081
1697,Case 1816
1698,Case 2594
1699,Case 389
1700,Case 1936
1701,Case 1540
1702,Case 2151
1703,Case 2041
1704,Case 635
1705,Case 36
1706,Case 2294
1707,Case 2783
1708,Case 2574
1709,Case 688
1710,Case 4363
1711,Case 569
1712,Case 4134
1713,Case 281
1714,Case 1053
1715,Case 4350
1716,Case 465
1717,Case 2882
1718,Case 485
1719,Case 3650
1720,Case 2204
1721,Case 1659
1722,Case 2010
1723,Case 4218
1724,Case 4049
1725,Case 4091
1726,Case 3210
1727,Case 916
1728,Case 2316
1729,Case 3423
1730,Case 14
1731,Case 1837
1732,Case 1895
1733,Case 1578
1734,Case 4536
1735,Case 957
1736,Case 960
1737,Case 4495
1738,Case 1530
1739,Case 3605
1740,Case 3609
1741,Case 1372
1742,Case 2056
1743,Case 1556
1744,Case 3494
1745,Case 1098
1746,Case 4213
1747,Case 451
1748,Case 1729
1749,Case 3711
1750,Case 490
1751,Case 1862
1752,Case 3702
1753,Case 2994
1754,Case 1341
1755,Case 4565
1756,Case 4443
1757,Case 3816
1758,Case 369
1759,Case 3602
1760,Case 3710
1761,Case 1024
1762,Case 2755
1763,Case 1047
1764,Case 2868
1765,Case 4438
1766,Case 4464
1767,Case 239
1768,Case 1833
1769,Case 1775
1770,Case 3627
1771,Case 697
1772,Case 1430
1773,Case 3076
1774,Case 2091
1775,Case 2735
1776,Case 2811
1777,Case 4474
1778,Case 1435
1779,Case 3191
1780,Case 2450
1781,Case 213
1782,Case 905
1783,Case 1685
1784,Case 2407
1785,Case 1748
1786,Case 941
1787,Case 1756
1788,Case 1606
1789,Case 1234
1790,Case 4002
1791,Case 225
1792,Case 3099
1793,Case 2827
1794,Case 3790
1795,Case 220
1796,Case 3110
1797,Case 2351
1798,Case 1945
1799,Case 2722
1800,Case 1793
1801,Case 823
1802,Case 1529
1803,Case 240
1804,Case 2345
1805,Case 4148
1806,Case 4011
1807,Case 3220
1808,Case 3921
1809,Case 567
1810,Case 1342
1811,Case 2238
1812,Case 2809
1813,Case 2343
1814,Case 347
1815,Case 847
1816,Case 3137
1817,Case 3796
1818,Case 2212
1819,Case 1568
1820,Case 3617
1821,Case 4089
1822,Case 2401
1823,Case 4123
1824,Case 2782
1825,Case 3476
1826,Case 4322
1827,Case 1546
1828,Case 3574
1829,Case 1225
1830,Case 3090
1831,Case 354
1832,Case 4117
1833,Case 1380
1834,Case 3936
1835,Case 1379
1836,Case 2463
1837,Case 1917
1838,Case 137
1839,Case 3224
1840,Case 2510
1841,Case 3606
1842,Case 1490
1843,Case 3831
1844,Case 1369
1845,Case 4178
1846,Case 3549
1847,Case 761
1848,Case 3246
1849,Case 3952
1850,Case 2945
1851,Case 1643
1852,Case 1738
1853,Case 2040
1854,Case 2640
1855,Case 201
1856,Case 3931
1857,Case 4517
1858,Case 1082
1859,Case 3694
1860,Case 712
1861,Case 2396
1862,Case 4231
1863,Case 1065
1864,Case 3851
1865,Case 568
1866,Case 4137
1867,Case 1956
1868,Case 1560
1869,Case 655
1870,Case 4103
1871,Case 550
1872,Case 3048
1873,Case 784
1874,Case 409
1875,Case 1939
1876,Case 1378
1877,Case 171
1878,Case 3587
1879,Case 1607
1880,Case 2818
1881,Case 3795
1882,Case 2955
1883,Case 744
1884,Case 3540
1885,Case 2166
1886,Case 1647
1887,Case 1700
1888,Case 4479
1889,Case 481
1890,Case 615
1891,Case 4291
1892,Case 4341
1893,Case 516
1894,Case 1060
1895,Case 4481
1896,Case 1463
1897,Case 2430
1898,Case 3557
1899,Case 3942
1900,Case 1118
1901,Case 4447
1902,Case 874
1903,Case 3568
1904,Case 1011
1905,Case 2775
1906,Case 2246
1907,Case 1203
1908,Case 2099
1909,Case 855
1910,Case 3053
1911,Case 4287
1912,Case 2916
1913,Case 4534
1914,Case 2334
1915,Case 1970
1916,Case 2545
1917,Case 3412
1918,Case 2963
1919,Case 719
1920,Case 4058
1921,Case 2031
1922,Case 2127
1923,Case 4005
1924,Case 1408
1925,Case 3202
1926,Case 2769
1927,Case 3257
1928,Case 3420
1929,Case 1157
1930,Case 3612
1931,Case 2653
1932,Case 391
1933,Case 4308
1934,Case 1294
1935,Case 637
1936,Case 1525
1937,Case 61
1938,Case 4509
1939,Case 2708
1940,Case 4568
1941,Case 3903
1942,Case 1337
1943,Case 3895
1944,Case 3431
1945,Case 2324
1946,Case 3929
1947,Case 2406
1948,Case 3984
1949,Case 2064
1950,Case 488
1951,Case 1661
1952,Case 2179
1953,Case 2608
1954,Case 3668
1955,Case 2055
1956,Case 3791
1957,Case 3576
1958,Case 1004
1959,Case 159
1960,Case 3047
1961,Case 4228
1962,Case 413
1963,Case 4085
1964,Case 1458
1965,Case 2762
1966,Case 4368
1967,Case 3987
1968,Case 2526
1969,Case 668
1970,Case 2009
1971,Case 2017
1972,Case 578
1973,Case 400
1974,Case 4494
1975,Case 2154
1976,Case 1712
1977,Case 2724
1978,Case 4436
1979,Case 816
1980,Case 3042
1981,Case 95
1982,Case 486
1983,Case 1656
1984,Case 4323
1985,Case 1095
1986,Case 542
1987,Case 1921
1988,Case 3934
1989,Case 945
1990,Case 2427
1991,Case 1639
1992,Case 1222
1993,Case 4294
1994,Case 2278
1995,Case 887
1996,Case 2198
1997,Case 4471
1998,Case 739
1999,Case 3435
2000,Case 3651
2001,Case 2260
2002,Case 737
2003,Case 2601
2004,Case 902
2005,Case 3729
2006,Case 1644
2007,Case 2420
2008,Case 3057
2009,Case 4476
2010,Case 181
2011,Case 1913
2012,Case 3301
2013,Case 432
2014,Case 3512
2015,Case 2251
2016,Case 4139
2017,Case 896
2018,Case 3767
2019,Case 2768
2020,Case 955
2021,Case 1481
2022,Case 2773
2023,Case 3803
2024,Case 3559
2025,Case 867
2026,Case 2264
2027,Case 4445
2028,Case 2327
2029,Case 1715
2030,Case 3169
2031,Case 2990
2032,Case 162
2033,Case 459
2034,Case 1186
2035,Case 763
2036,Case 4549
2037,Case 2178
2038,Case 4362
2039,Case 978
2040,Case 304
2041,Case 1429
2042,Case 112
2043,Case 4126
2044,Case 2120
2045,Case 3721
2046,Case 512
2047,Case 180
2048,Case 4239
2049,Case 1796
2050,Case 1480
2051,Case 2434
2052,Case 2621
2053,Case 3380
2054,Case 464
2055,Case 2523
2056,Case 2076
2057,Case 1517
2058,Case 279
2059,Case 2133
2060,Case 947
2061,Case 3207
2062,Case 927
2063,Case 3347
2064,Case 4347
2065,Case 3719
2066,Case 1905
2067,Case 2270
2068,Case 1260
2069,Case 2763
2070,Case 726
2071,Case 4377
2072,Case 4144
2073,Case 2052
2074,Case 969
2075,Case 3671
2076,Case 3032
2077,Case 4518
2078,Case 1855
2079,Case 2135
2080,Case 2749
2081,Case 3120
2082,Case 3875
2083,Case 810
2084,Case 3267
2085,Case 2111
2086,Case 1107
2087,Case 2785
2088,Case 2517
2089,Case 2456
2090,Case 3029
2091,Case 1522
2092,Case 3162
2093,Case 3329
2094,Case 2306
2095,Case 17
2096,Case 4080
2097,Case 2378
2098,Case 1677
2099,Case 1966
2100,Case 863
2101,Case 1958
2102,Case 2947
2103,Case 3962
2104,Case 4437
2105,Case 3502
2106,Case 1453
2107,Case 2997
2108,Case 2109
2109,Case 604
2110,Case 3755
2111,Case 1637
2112,Case 2825
2113,Case 3932
2114,Case 3544
2115,Case 3743
2116,Case 1840
2117,Case 1105
2118,Case 3072
2119,Case 1839
2120,Case 1818
2121,Case 2972
2122,Case 4210
2123,Case 515
2124,Case 2696
2125,Case 714
2126,Case 3487
2127,Case 3515
2128,Case 3672
2129,Case 4265
2130,Case 4320
2131,Case 1392
2132,Case 2793
2133,Case 3181
2134,Case 3471
2135,Case 3969
2136,Case 2195
2137,Case 1600
2138,Case 3018
2139,Case 1326
2140,Case 1037
2141,Case 174
2142,Case 3271
2143,Case 3830
2144,Case 1149
2145,Case 2353
2146,Case 3691
2147,Case 1008
2148,Case 6
2149,Case 3839
2150,Case 1731
2151,Case 1666
2152,Case 860
2153,Case 4114
2154,Case 1117
2155,Case 55
2156,Case 3014
2157,Case 3070
2158,Case 3026
2159,Case 4018
2160,Case 3397
2161,Case 3361
2162,Case 3754
2163,Case 1586
2164,Case 1226
2165,Case 2794
2166,Case 1074
2167,Case 4550
2168,Case 329
2169,Case 2859
2170,Case 3119
2171,Case 204
2172,Case 71
2173,Case 3175
2174,Case 2967
2175,Case 2008
2176,Case 1335
2177,Case 2404
2178,Case 4242
2179,Case 2509
2180,Case 1983
2181,Case 4512
2182,Case 3584
2183,Case 2758
2184,Case 2098
2185,Case 4028
2186,Case 2531
2187,Case 1927
2188,Case 4153
2189,Case 1669
2190,Case 3555
2191,Case 3223
2192,Case 1790
2193,Case 2469
2194,Case 1627
2195,Case 3867
2196,Case 1822
2197,Case 2071
2198,Case 284
2199,Case 78
2200,Case 2912
2201,Case 2129
2202,Case 1623
2203,Case 3022
2204,Case 623
2205,Case 1747
2206,Case 4235
2207,Case 248
2208,Case 4472
2209,Case 454
2210,Case 3507
2211,Case 1377
2212,Case 3739
2213,Case 3208
2214,Case 3154
2215,Case 3045
2216,Case 3882
2217,Case 3102
2218,Case 1888
2219,Case 1362
2220,Case 3925
2221,Case 4122
2222,Case 2832
2223,Case 1033
2224,Case 2371
2225,Case 463
2226,Case 2496
2227,Case 3733
2228,Case 4234
2229,Case 4245
2230,Case 4102
2231,Case 2737
2232,Case 3424
2233,Case 762
2234,Case 3284
2235,Case 219
2236,Case 437
2237,Case 2132
2238,Case 982
2239,Case 1957
2240,Case 2759
2241,Case 2257
2242,Case 3630
2243,Case 893
2244,Case 3723
2245,Case 687
2246,Case 1081
2247,Case 827
2248,Case 4023
2249,Case 3089
2250,Case 87
2251,Case 4124
2252,Case 2661
2253,Case 3470
2254,Case 1952
2255,Case 2842
2256,Case 2304
2257,Case 2766
2258,Case 1702
2259,Case 2893
2260,Case 1255
2261,Case 196
2262,Case 1893
2263,Case 742
2264,Case 758
2265,Case 952
2266,Case 2433
2267,Case 2952
2268,Case 3218
2269,Case 3211
2270,Case 288
2271,Case 3496
2272,Case 3513
2273,Case 3980
2274,Case 885
2275,Case 4409
2276,Case 4572
2277,Case 3201
2278,Case 4104
2279,Case 1726
2280,Case 2820
2281,Case 2363
2282,Case 4528
2283,Case 997
2284,Case 943
2285,Case 4083
2286,Case 2837
2287,Case 2879
2288,Case 673
2289,Case 3968
2290,Case 3447
2291,Case 720
2292,Case 1442
2293,Case 2780
2294,Case 1296
2295,Case 3091
2296,Case 3792
2297,Case 878
2298,Case 3628
2299,Case 1091
2300,Case 3156
2301,Case 3709
2302,Case 229
2303,Case 2494
2304,Case 1268
2305,Case 221
2306,Case 4196
2307,Case 2695
2308,Case 753
2309,Case 1608
2310,Case 3689
2311,Case 3321
2312,Case 167
2313,Case 724
2314,Case 4125
2315,Case 1628
2316,Case 764
2317,Case 3279
2318,Case 3265
2319,Case 27
2320,Case 4427
2321,Case 2813
2322,Case 1573
2323,Case 3518
2324,Case 49
2325,Case 2216
2326,Case 3437
2327,Case 128
2328,Case 2000
2329,Case 1710
2330,Case 4484
2331,Case 2230
2332,Case 3950
2333,Case 2372
2334,Case 718
2335,Case 2478
2336,Case 3472
2337,Case 2698
2338,Case 2180
2339,Case 1699
2340,Case 3307
2341,Case 1419
2342,Case 1909
2343,Case 1013
2344,Case 4112
2345,Case 4000
2346,Case 2948
2347,Case 2426
2348,Case 543
2349,Case 4492
2350,Case 4188
2351,Case 522
2352,Case 3935
2353,Case 546
2354,Case 4039
2355,Case 1678
2356,Case 923
2357,Case 3040
2358,Case 1984
2359,Case 4244
2360,Case 3105
2361,Case 4367
2362,Case 1781
2363,Case 119
2364,Case 3782
2365,Case 2113
2366,Case 531
2367,Case 3593
2368,Case 4276
2369,Case 3464
2370,Case 648
2371,Case 1544
2372,Case 3730
2373,Case 3626
2374,Case 535
2375,Case 457
2376,Case 1331
2377,Case 2604
2378,Case 269
2379,Case 2158
2380,Case 1177
2381,Case 3714
2382,Case 3484
2383,Case 4388
2384,Case 3198
2385,Case 4097
2386,Case 3732
2387,Case 1406
2388,Case 1171
2389,Case 1034
2390,Case 1346
2391,Case 2747
2392,Case 3594
2393,Case 2400
2394,Case 677
2395,Case 4232
2396,Case 199
2397,Case 1139
2398,Case 1785
2399,Case 3916
2400,Case 1686
2401,Case 1836
2402,Case 574
2403,Case 666
2404,Case 387
2405,Case 2036
2406,Case 754
2407,Case 1482
2408,Case 3322
2409,Case 3378
2410,Case 3652
2411,Case 395
2412,Case 1473
2413,Case 4513
2414,Case 3291
2415,Case 1745
2416,Case 2192
2417,Case 3761
2418,Case 2982
2419,Case 3011
2420,Case 3642
2421,Case 2738
2422,Case 373
2423,Case 377
2424,Case 3123
2425,Case 4133
2426,Case 3623
2427,Case 3860
2428,Case 2998
2429,Case 4449
2430,Case 1811
2431,Case 1477
2432,Case 3846
2433,Case 3728
2434,Case 1197
2435,Case 723
2436,Case 1374
2437,Case 2627
2438,Case 524
2439,Case 3108
2440,Case 3478
2441,Case 1645
2442,Case 850
2443,Case 2654
2444,Case 4132
2445,Case 2087
2446,Case 341
2447,Case 3805
2448,Case 11
2449,Case 4271
2450,Case 2248
2451,Case 4433
2452,Case 2921
2453,Case 2760
2454,Case 3704
2455,Case 2678
2456,Case 3303
2457,Case 1259
2458,Case 3405
2459,Case 493
2460,Case 2079
2461,Case 1716
2462,Case 3998
2463,Case 3677
2464,Case 620
2465,Case 2170
2466,Case 2515
2467,Case 3241
2468,Case 514
2469,Case 1349
2470,Case 4299
2471,Case 2525
2472,Case 2852
2473,Case 3834
2474,Case 1389
2475,Case 4578
2476,Case 350
2477,Case 1558
2478,Case 4110
2479,Case 3144
2480,Case 1248
2481,Case 3894
2482,Case 4204
2483,Case 263
2484,Case 2644
2485,Case 2552
2486,Case 1646
2487,Case 1073
2488,Case 4553
2489,Case 2234
2490,Case 4052
2491,Case 3062
2492,Case 1949
2493,Case 1563
2494,Case 778
2495,Case 3367
2496,Case 4254
2497,Case 3404
2498,Case 1190
2499,Case 4116
2500,Case 4580
2501,Case 2753
2502,Case 2046
2503,Case 1244
2504,Case 3425
2505,Case 3727
2506,Case 745
2507,Case 4251
2508,Case 477
2509,Case 844
2510,Case 898
2511,Case 1120
2512,Case 2740
2513,Case 2049
2514,Case 4278
2515,Case 1022
2516,Case 3953
2517,Case 3800
2518,Case 1059
2519,Case 3564
2520,Case 4448
2521,Case 3206
2522,Case 168
2523,Case 3282
2524,Case 521
2525,Case 3483
2526,Case 1965
2527,Case 148
2528,Case 3157
2529,Case 4552
2530,Case 188
2531,Case 1824
2532,Case 1138
2533,Case 1910
2534,Case 3618
2535,Case 2043
2536,Case 328
2537,Case 4173
2538,Case 4343
2539,Case 2026
2540,Case 3342
2541,Case 3297
2542,Case 1126
2543,Case 76
2544,Case 681
2545,Case 1153
2546,Case 736
2547,Case 1653
2548,Case 3698
2549,Case 3377
2550,Case 3275
2551,Case 1325
2552,Case 2200
2553,Case 4118
2554,Case 4314
2555,Case 209
2556,Case 544
2557,Case 1132
2558,Case 2116
2559,Case 1217
2560,Case 2477
2561,Case 1626
2562,Case 3777
2563,Case 976
2564,Case 1175
2565,Case 1062
2566,Case 2485
2567,Case 2025
2568,Case 2823
2569,Case 2063
2570,Case 3871
2571,Case 4087
2572,Case 394
2573,Case 743
2574,Case 3989
2575,Case 834
2576,Case 2449
2577,Case 4071
2578,Case 3774
2579,Case 3572
2580,Case 4267
2581,Case 4191
2582,Case 4340
2583,Case 1093
2584,Case 596
2585,Case 4279
2586,Case 3456
2587,Case 165
2588,Case 3146
2589,Case 1717
2590,Case 2528
2591,Case 50
2592,Case 2538
2593,Case 2929
2594,Case 3829
2595,Case 760
2596,Case 3747
2597,Case 4158
2598,Case 2580
2599,Case 3797
2600,Case 403
2601,Case 2911
2602,Case 746
2603,Case 756
2604,Case 4562
2605,Case 1444
2606,Case 3718
2607,Case 3811
2608,Case 866
2609,Case 2286
2610,Case 177
2611,Case 35
2612,Case 1127
2613,Case 1931
2614,Case 2626
2615,Case 2542
2616,Case 1133
2617,Case 3853
2618,Case 3501
2619,Case 1773
2620,Case 4135
2621,Case 1229
2622,Case 2796
2623,Case 1486
2624,Case 3879
2625,Case 674
2626,Case 3861
2627,Case 4567
2628,Case 2262
2629,Case 1443
2630,Case 3255
2631,Case 2394
2632,Case 3258
2633,Case 2148
2634,Case 3165
2635,Case 344
2636,Case 405
2637,Case 3064
2638,Case 2663
2639,Case 3097
2640,Case 3999
2641,Case 3660
2642,Case 1236
2643,Case 2870
2644,Case 45
2645,Case 505
2646,Case 2023
2647,Case 3772
2648,Case 660
2649,Case 3293
2650,Case 592
2651,Case 3135
2652,Case 2034
2653,Case 2252
2654,Case 1725
2655,Case 1055
2656,Case 2130
2657,Case 2164
2658,Case 1311
2659,Case 1195
2660,Case 914
2661,Case 4136
2662,Case 272
2663,Case 398
2664,Case 4335
2665,Case 4531
2666,Case 1769
2667,Case 3520
2668,Case 2516
2669,Case 1219
2670,Case 643
2671,Case 371
2672,Case 1620
2673,Case 1598
2674,Case 3726
2675,Case 1355
2676,Case 2027
2677,Case 2255
2678,Case 4408
2679,Case 2672
2680,Case 4546
2681,Case 3461
2682,Case 4498
2683,Case 3343
2684,Case 2518
2685,Case 2261
2686,Case 1719
2687,Case 102
2688,Case 1967
2689,Case 3622
2690,Case 56
2691,Case 2821
2692,Case 2461
2693,Case 618
2694,Case 770
2695,Case 3166
2696,Case 2602
2697,Case 439
2698,Case 222
2699,Case 2303
2700,Case 2556
2701,Case 733
2702,Case 2554
2703,Case 431
2704,Case 3699
2705,Case 3204
2706,Case 3964
2707,Case 2350
2708,Case 4397
2709,Case 2140
2710,Case 4042
2711,Case 2090
2712,Case 2669
2713,Case 1599
2714,Case 303
2715,Case 3019
2716,Case 909
2717,Case 1531
2718,Case 2323
2719,Case 1215
2720,Case 1963
2721,Case 1336
2722,Case 644
2723,Case 3205
2724,Case 3458
2725,Case 2917
2726,Case 94
2727,Case 731
2728,Case 2568
2729,Case 3556
2730,Case 1743
2731,Case 3938
2732,Case 2247
2733,Case 2974
2734,Case 194
2735,Case 836
2736,Case 1870
2737,Case 1752
2738,Case 538
2739,Case 3485
2740,Case 4181
2741,Case 2836
2742,Case 1049
2743,Case 4093
2744,Case 3225
2745,Case 2382
2746,Case 3410
2747,Case 1208
